movie_id,sentence_id,dependency_class,dependency_type,governor_id,governor_word,dependent_id,dependent_word
10000053,1,basic,nn,6,te,1,Fur
10000053,1,basic,nn,6,te,2,trapper
10000053,1,basic,nn,6,te,3,Jean
10000053,1,basic,nn,6,te,4,La
10000053,1,basic,nn,6,te,5,B
10000053,1,basic,nsubj,7,paddles,6,te
10000053,1,basic,poss,9,canoe,8,his
10000053,1,basic,dobj,7,paddles,9,canoe
10000053,1,basic,prep,7,paddles,10,through
10000053,1,basic,amod,12,water,11,wild
10000053,1,basic,pobj,10,through,12,water
10000053,1,basic,prep,12,water,13,towards
10000053,1,basic,det,15,settlement,14,the
10000053,1,basic,pobj,13,towards,15,settlement
10000053,1,basic,mark,19,sell,16,in
10000053,1,basic,dep,19,sell,17,order
10000053,1,basic,aux,19,sell,18,to
10000053,1,basic,purpcl,7,paddles,19,sell
10000053,1,basic,det,21,load,20,a
10000053,1,basic,dobj,19,sell,21,load
10000053,1,basic,prep,21,load,22,of
10000053,1,basic,pobj,22,of,23,furs
10000053,1,collapsed,nn,6,te,1,Fur
10000053,1,collapsed,nn,6,te,2,trapper
10000053,1,collapsed,nn,6,te,3,Jean
10000053,1,collapsed,nn,6,te,4,La
10000053,1,collapsed,nn,6,te,5,B
10000053,1,collapsed,nsubj,7,paddles,6,te
10000053,1,collapsed,poss,9,canoe,8,his
10000053,1,collapsed,dobj,7,paddles,9,canoe
10000053,1,collapsed,amod,12,water,11,wild
10000053,1,collapsed,prep_through,7,paddles,12,water
10000053,1,collapsed,det,15,settlement,14,the
10000053,1,collapsed,prep_towards,12,water,15,settlement
10000053,1,collapsed,mark,19,sell,16,in
10000053,1,collapsed,dep,19,sell,17,order
10000053,1,collapsed,aux,19,sell,18,to
10000053,1,collapsed,purpcl,7,paddles,19,sell
10000053,1,collapsed,det,21,load,20,a
10000053,1,collapsed,dobj,19,sell,21,load
10000053,1,collapsed,prep_of,21,load,23,furs
10000053,1,collapsed-ccprocessed,nn,6,te,1,Fur
10000053,1,collapsed-ccprocessed,nn,6,te,2,trapper
10000053,1,collapsed-ccprocessed,nn,6,te,3,Jean
10000053,1,collapsed-ccprocessed,nn,6,te,4,La
10000053,1,collapsed-ccprocessed,nn,6,te,5,B
10000053,1,collapsed-ccprocessed,nsubj,7,paddles,6,te
10000053,1,collapsed-ccprocessed,poss,9,canoe,8,his
10000053,1,collapsed-ccprocessed,dobj,7,paddles,9,canoe
10000053,1,collapsed-ccprocessed,amod,12,water,11,wild
10000053,1,collapsed-ccprocessed,prep_through,7,paddles,12,water
10000053,1,collapsed-ccprocessed,det,15,settlement,14,the
10000053,1,collapsed-ccprocessed,prep_towards,12,water,15,settlement
10000053,1,collapsed-ccprocessed,mark,19,sell,16,in
10000053,1,collapsed-ccprocessed,dep,19,sell,17,order
10000053,1,collapsed-ccprocessed,aux,19,sell,18,to
10000053,1,collapsed-ccprocessed,purpcl,7,paddles,19,sell
10000053,1,collapsed-ccprocessed,det,21,load,20,a
10000053,1,collapsed-ccprocessed,dobj,19,sell,21,load
10000053,1,collapsed-ccprocessed,prep_of,21,load,23,furs
10000053,2,basic,prep,7,landing,1,At
10000053,2,basic,det,3,settlement,2,the
10000053,2,basic,pobj,1,At,3,settlement
10000053,2,basic,det,5,steamboat,4,a
10000053,2,basic,nsubj,7,landing,5,steamboat
10000053,2,basic,cop,7,landing,6,is
10000053,2,basic,cc,7,landing,8,and
10000053,2,basic,det,10,trader,9,the
10000053,2,basic,nsubj,16,arrive,10,trader
10000053,2,basic,cc,10,trader,11,and
10000053,2,basic,poss,14,Eve,12,his
10000053,2,basic,amod,14,Eve,13,foster-child
10000053,2,basic,conj,10,trader,14,Eve
10000053,2,basic,conj,7,landing,16,arrive
10000053,2,basic,prep,16,arrive,17,at
10000053,2,basic,det,19,seaport,18,the
10000053,2,basic,pobj,17,at,19,seaport
10000053,2,basic,aux,21,fetch,20,to
10000053,2,basic,infmod,19,seaport,21,fetch
10000053,2,basic,nn,25,goods,22,mail
10000053,2,basic,cc,22,mail,23,and
10000053,2,basic,conj,22,mail,24,consumer
10000053,2,basic,dobj,21,fetch,25,goods
10000053,2,collapsed,det,3,settlement,2,the
10000053,2,collapsed,prep_at,7,landing,3,settlement
10000053,2,collapsed,det,5,steamboat,4,a
10000053,2,collapsed,nsubj,7,landing,5,steamboat
10000053,2,collapsed,cop,7,landing,6,is
10000053,2,collapsed,det,10,trader,9,the
10000053,2,collapsed,nsubj,16,arrive,10,trader
10000053,2,collapsed,poss,14,Eve,12,his
10000053,2,collapsed,amod,14,Eve,13,foster-child
10000053,2,collapsed,conj_and,10,trader,14,Eve
10000053,2,collapsed,conj_and,7,landing,16,arrive
10000053,2,collapsed,det,19,seaport,18,the
10000053,2,collapsed,prep_at,16,arrive,19,seaport
10000053,2,collapsed,aux,21,fetch,20,to
10000053,2,collapsed,infmod,19,seaport,21,fetch
10000053,2,collapsed,nn,25,goods,22,mail
10000053,2,collapsed,conj_and,22,mail,24,consumer
10000053,2,collapsed,dobj,21,fetch,25,goods
10000053,2,collapsed-ccprocessed,det,3,settlement,2,the
10000053,2,collapsed-ccprocessed,prep_at,7,landing,3,settlement
10000053,2,collapsed-ccprocessed,det,5,steamboat,4,a
10000053,2,collapsed-ccprocessed,nsubj,7,landing,5,steamboat
10000053,2,collapsed-ccprocessed,cop,7,landing,6,is
10000053,2,collapsed-ccprocessed,det,10,trader,9,the
10000053,2,collapsed-ccprocessed,nsubj,16,arrive,10,trader
10000053,2,collapsed-ccprocessed,poss,14,Eve,12,his
10000053,2,collapsed-ccprocessed,amod,14,Eve,13,foster-child
10000053,2,collapsed-ccprocessed,conj_and,10,trader,14,Eve
10000053,2,collapsed-ccprocessed,nsubj,16,arrive,14,Eve
10000053,2,collapsed-ccprocessed,conj_and,7,landing,16,arrive
10000053,2,collapsed-ccprocessed,det,19,seaport,18,the
10000053,2,collapsed-ccprocessed,prep_at,16,arrive,19,seaport
10000053,2,collapsed-ccprocessed,aux,21,fetch,20,to
10000053,2,collapsed-ccprocessed,infmod,19,seaport,21,fetch
10000053,2,collapsed-ccprocessed,nn,25,goods,22,mail
10000053,2,collapsed-ccprocessed,conj_and,22,mail,24,consumer
10000053,2,collapsed-ccprocessed,nn,25,goods,24,consumer
10000053,2,collapsed-ccprocessed,dobj,21,fetch,25,goods
10000053,3,basic,det,2,trader,1,The
10000053,3,basic,nsubj,3,explains,2,trader
10000053,3,basic,prep,3,explains,4,to
10000053,3,basic,pobj,4,to,5,Eve
10000053,3,basic,dep,9,brings,6,that
10000053,3,basic,det,8,ship,7,the
10000053,3,basic,nsubj,9,brings,8,ship
10000053,3,basic,dep,4,to,9,brings
10000053,3,basic,dobj,9,brings,11,Jailbirds
10000053,3,basic,prep,11,Jailbirds,13,from
10000053,3,basic,det,15,east,14,the
10000053,3,basic,pobj,13,from,15,east
10000053,3,basic,cc,9,brings,17,and
10000053,3,basic,dep,23,bailed,18,that
10000053,3,basic,poss,21,husbands-to-be,20,their
10000053,3,basic,nsubj,23,bailed,21,husbands-to-be
10000053,3,basic,aux,23,bailed,22,had
10000053,3,basic,conj,9,brings,23,bailed
10000053,3,basic,dobj,23,bailed,24,them
10000053,3,basic,prt,23,bailed,25,out
10000053,3,basic,cc,23,bailed,26,and
10000053,3,basic,conj,23,bailed,27,paid
10000053,3,basic,poss,29,fines,28,their
10000053,3,basic,dobj,27,paid,29,fines
10000053,3,basic,cc,29,fines,30,and
10000053,3,basic,poss,32,passages,31,their
10000053,3,basic,conj,29,fines,32,passages
10000053,3,basic,prep,27,paid,33,with
10000053,3,basic,det,35,guarantee,34,a
10000053,3,basic,pobj,33,with,35,guarantee
10000053,3,basic,prep,35,guarantee,36,of
10000053,3,basic,pobj,36,of,37,marriage
10000053,3,collapsed,det,2,trader,1,The
10000053,3,collapsed,nsubj,3,explains,2,trader
10000053,3,collapsed,prep_to,3,explains,5,Eve
10000053,3,collapsed,dep,9,brings,6,that
10000053,3,collapsed,det,8,ship,7,the
10000053,3,collapsed,nsubj,9,brings,8,ship
10000053,3,collapsed,dep,3,explains,9,brings
10000053,3,collapsed,dobj,9,brings,11,Jailbirds
10000053,3,collapsed,det,15,east,14,the
10000053,3,collapsed,prep_from,11,Jailbirds,15,east
10000053,3,collapsed,dep,23,bailed,18,that
10000053,3,collapsed,poss,21,husbands-to-be,20,their
10000053,3,collapsed,nsubj,23,bailed,21,husbands-to-be
10000053,3,collapsed,aux,23,bailed,22,had
10000053,3,collapsed,conj_and,9,brings,23,bailed
10000053,3,collapsed,dobj,23,bailed,24,them
10000053,3,collapsed,prt,23,bailed,25,out
10000053,3,collapsed,conj_and,23,bailed,27,paid
10000053,3,collapsed,poss,29,fines,28,their
10000053,3,collapsed,dobj,27,paid,29,fines
10000053,3,collapsed,poss,32,passages,31,their
10000053,3,collapsed,conj_and,29,fines,32,passages
10000053,3,collapsed,det,35,guarantee,34,a
10000053,3,collapsed,prep_with,27,paid,35,guarantee
10000053,3,collapsed,prep_of,35,guarantee,37,marriage
10000053,3,collapsed-ccprocessed,det,2,trader,1,The
10000053,3,collapsed-ccprocessed,nsubj,3,explains,2,trader
10000053,3,collapsed-ccprocessed,prep_to,3,explains,5,Eve
10000053,3,collapsed-ccprocessed,dep,9,brings,6,that
10000053,3,collapsed-ccprocessed,det,8,ship,7,the
10000053,3,collapsed-ccprocessed,nsubj,9,brings,8,ship
10000053,3,collapsed-ccprocessed,dep,3,explains,9,brings
10000053,3,collapsed-ccprocessed,dobj,9,brings,11,Jailbirds
10000053,3,collapsed-ccprocessed,det,15,east,14,the
10000053,3,collapsed-ccprocessed,prep_from,11,Jailbirds,15,east
10000053,3,collapsed-ccprocessed,dep,23,bailed,18,that
10000053,3,collapsed-ccprocessed,poss,21,husbands-to-be,20,their
10000053,3,collapsed-ccprocessed,nsubj,23,bailed,21,husbands-to-be
10000053,3,collapsed-ccprocessed,nsubj,27,paid,21,husbands-to-be
10000053,3,collapsed-ccprocessed,aux,23,bailed,22,had
10000053,3,collapsed-ccprocessed,dep,3,explains,23,bailed
10000053,3,collapsed-ccprocessed,conj_and,9,brings,23,bailed
10000053,3,collapsed-ccprocessed,dobj,23,bailed,24,them
10000053,3,collapsed-ccprocessed,prt,23,bailed,25,out
10000053,3,collapsed-ccprocessed,conj_and,9,brings,27,paid
10000053,3,collapsed-ccprocessed,conj_and,23,bailed,27,paid
10000053,3,collapsed-ccprocessed,poss,29,fines,28,their
10000053,3,collapsed-ccprocessed,dobj,27,paid,29,fines
10000053,3,collapsed-ccprocessed,poss,32,passages,31,their
10000053,3,collapsed-ccprocessed,dobj,27,paid,32,passages
10000053,3,collapsed-ccprocessed,conj_and,29,fines,32,passages
10000053,3,collapsed-ccprocessed,det,35,guarantee,34,a
10000053,3,collapsed-ccprocessed,prep_with,27,paid,35,guarantee
10000053,3,collapsed-ccprocessed,prep_of,35,guarantee,37,marriage
10000053,4,basic,advmod,6,auctioning,1,Later
10000053,4,basic,det,4,captain,3,the
10000053,4,basic,nsubj,6,auctioning,4,captain
10000053,4,basic,aux,6,auctioning,5,is
10000053,4,basic,prt,6,auctioning,7,off
10000053,4,basic,dobj,6,auctioning,8,one
10000053,4,basic,prep,8,one,9,of
10000053,4,basic,det,11,women,10,those
10000053,4,basic,pobj,9,of,11,women
10000053,4,basic,mark,16,died,12,because
10000053,4,basic,poss,14,husband-to-be,13,her
10000053,4,basic,nsubj,16,died,14,husband-to-be
10000053,4,basic,aux,16,died,15,has
10000053,4,basic,dep,11,women,16,died
10000053,4,basic,prep,16,died,17,in
10000053,4,basic,det,19,meantime,18,the
10000053,4,basic,pobj,17,in,19,meantime
10000053,4,collapsed,advmod,6,auctioning,1,Later
10000053,4,collapsed,det,4,captain,3,the
10000053,4,collapsed,nsubj,6,auctioning,4,captain
10000053,4,collapsed,aux,6,auctioning,5,is
10000053,4,collapsed,prt,6,auctioning,7,off
10000053,4,collapsed,dobj,6,auctioning,8,one
10000053,4,collapsed,det,11,women,10,those
10000053,4,collapsed,prep_of,8,one,11,women
10000053,4,collapsed,mark,16,died,12,because
10000053,4,collapsed,poss,14,husband-to-be,13,her
10000053,4,collapsed,nsubj,16,died,14,husband-to-be
10000053,4,collapsed,aux,16,died,15,has
10000053,4,collapsed,dep,11,women,16,died
10000053,4,collapsed,det,19,meantime,18,the
10000053,4,collapsed,prep_in,16,died,19,meantime
10000053,4,collapsed-ccprocessed,advmod,6,auctioning,1,Later
10000053,4,collapsed-ccprocessed,det,4,captain,3,the
10000053,4,collapsed-ccprocessed,nsubj,6,auctioning,4,captain
10000053,4,collapsed-ccprocessed,aux,6,auctioning,5,is
10000053,4,collapsed-ccprocessed,prt,6,auctioning,7,off
10000053,4,collapsed-ccprocessed,dobj,6,auctioning,8,one
10000053,4,collapsed-ccprocessed,det,11,women,10,those
10000053,4,collapsed-ccprocessed,prep_of,8,one,11,women
10000053,4,collapsed-ccprocessed,mark,16,died,12,because
10000053,4,collapsed-ccprocessed,poss,14,husband-to-be,13,her
10000053,4,collapsed-ccprocessed,nsubj,16,died,14,husband-to-be
10000053,4,collapsed-ccprocessed,aux,16,died,15,has
10000053,4,collapsed-ccprocessed,dep,11,women,16,died
10000053,4,collapsed-ccprocessed,det,19,meantime,18,the
10000053,4,collapsed-ccprocessed,prep_in,16,died,19,meantime
10000053,5,basic,nn,4,te,1,Jean
10000053,5,basic,nn,4,te,2,La
10000053,5,basic,nn,4,te,3,B
10000053,5,basic,nsubj,5,decides,4,te
10000053,5,basic,aux,7,take,6,to
10000053,5,basic,xcomp,5,decides,7,take
10000053,5,basic,poss,9,chance,8,his
10000053,5,basic,dobj,7,take,9,chance
10000053,5,basic,aux,11,buy,10,to
10000053,5,basic,infmod,9,chance,11,buy
10000053,5,basic,det,13,wife,12,the
10000053,5,basic,dobj,11,buy,13,wife
10000053,5,basic,cc,5,decides,15,but
10000053,5,basic,nsubj,17,makes,16,he
10000053,5,basic,conj,5,decides,17,makes
10000053,5,basic,poss,19,bid,18,his
10000053,5,basic,dobj,17,makes,19,bid
10000053,5,basic,advmod,21,late,20,too
10000053,5,basic,advmod,17,makes,21,late
10000053,5,collapsed,nn,4,te,1,Jean
10000053,5,collapsed,nn,4,te,2,La
10000053,5,collapsed,nn,4,te,3,B
10000053,5,collapsed,nsubj,5,decides,4,te
10000053,5,collapsed,aux,7,take,6,to
10000053,5,collapsed,xcomp,5,decides,7,take
10000053,5,collapsed,poss,9,chance,8,his
10000053,5,collapsed,dobj,7,take,9,chance
10000053,5,collapsed,aux,11,buy,10,to
10000053,5,collapsed,infmod,9,chance,11,buy
10000053,5,collapsed,det,13,wife,12,the
10000053,5,collapsed,dobj,11,buy,13,wife
10000053,5,collapsed,nsubj,17,makes,16,he
10000053,5,collapsed,conj_but,5,decides,17,makes
10000053,5,collapsed,poss,19,bid,18,his
10000053,5,collapsed,dobj,17,makes,19,bid
10000053,5,collapsed,advmod,21,late,20,too
10000053,5,collapsed,advmod,17,makes,21,late
10000053,5,collapsed-ccprocessed,nn,4,te,1,Jean
10000053,5,collapsed-ccprocessed,nn,4,te,2,La
10000053,5,collapsed-ccprocessed,nn,4,te,3,B
10000053,5,collapsed-ccprocessed,nsubj,5,decides,4,te
10000053,5,collapsed-ccprocessed,aux,7,take,6,to
10000053,5,collapsed-ccprocessed,xcomp,5,decides,7,take
10000053,5,collapsed-ccprocessed,poss,9,chance,8,his
10000053,5,collapsed-ccprocessed,dobj,7,take,9,chance
10000053,5,collapsed-ccprocessed,aux,11,buy,10,to
10000053,5,collapsed-ccprocessed,infmod,9,chance,11,buy
10000053,5,collapsed-ccprocessed,det,13,wife,12,the
10000053,5,collapsed-ccprocessed,dobj,11,buy,13,wife
10000053,5,collapsed-ccprocessed,nsubj,17,makes,16,he
10000053,5,collapsed-ccprocessed,conj_but,5,decides,17,makes
10000053,5,collapsed-ccprocessed,poss,19,bid,18,his
10000053,5,collapsed-ccprocessed,dobj,17,makes,19,bid
10000053,5,collapsed-ccprocessed,advmod,21,late,20,too
10000053,5,collapsed-ccprocessed,advmod,17,makes,21,late
10000053,6,basic,amod,2,day,1,Next
10000053,6,basic,tmod,21,seizes,2,day
10000053,6,basic,det,5,trader,4,the
10000053,6,basic,poss,7,wife,5,trader
10000053,6,basic,possessive,5,trader,6,'s
10000053,6,basic,nsubj,21,seizes,7,wife
10000053,6,basic,prep,7,wife,9,in
10000053,6,basic,det,11,need,10,the
10000053,6,basic,pobj,9,in,11,need
10000053,6,basic,aux,13,compensate,12,to
10000053,6,basic,infmod,11,need,13,compensate
10000053,6,basic,prep,13,compensate,14,for
10000053,6,basic,det,16,loss,15,the
10000053,6,basic,pobj,14,for,16,loss
10000053,6,basic,prep,16,loss,17,of
10000053,6,basic,poss,19,savings,18,her
10000053,6,basic,pobj,17,of,19,savings
10000053,6,basic,det,23,opportunity,22,the
10000053,6,basic,dobj,21,seizes,23,opportunity
10000053,6,basic,aux,25,offer,24,to
10000053,6,basic,infmod,23,opportunity,25,offer
10000053,6,basic,poss,27,foster-child,26,her
10000053,6,basic,dobj,25,offer,27,foster-child
10000053,6,basic,prep,25,offer,28,for
10000053,6,basic,num,30,dollars,29,thousand
10000053,6,basic,pobj,28,for,30,dollars
10000053,6,basic,prep,25,offer,31,to
10000053,6,basic,det,36,trapper,32,the
10000053,6,basic,amod,35,rough-cut,33,simple-minded
10000053,6,basic,amod,36,trapper,35,rough-cut
10000053,6,basic,pobj,31,to,36,trapper
10000053,6,collapsed,amod,2,day,1,Next
10000053,6,collapsed,tmod,21,seizes,2,day
10000053,6,collapsed,det,5,trader,4,the
10000053,6,collapsed,poss,7,wife,5,trader
10000053,6,collapsed,nsubj,21,seizes,7,wife
10000053,6,collapsed,det,11,need,10,the
10000053,6,collapsed,prep_in,7,wife,11,need
10000053,6,collapsed,aux,13,compensate,12,to
10000053,6,collapsed,infmod,11,need,13,compensate
10000053,6,collapsed,det,16,loss,15,the
10000053,6,collapsed,prep_for,13,compensate,16,loss
10000053,6,collapsed,poss,19,savings,18,her
10000053,6,collapsed,prep_of,16,loss,19,savings
10000053,6,collapsed,det,23,opportunity,22,the
10000053,6,collapsed,dobj,21,seizes,23,opportunity
10000053,6,collapsed,aux,25,offer,24,to
10000053,6,collapsed,infmod,23,opportunity,25,offer
10000053,6,collapsed,poss,27,foster-child,26,her
10000053,6,collapsed,dobj,25,offer,27,foster-child
10000053,6,collapsed,num,30,dollars,29,thousand
10000053,6,collapsed,prep_for,25,offer,30,dollars
10000053,6,collapsed,det,36,trapper,32,the
10000053,6,collapsed,amod,35,rough-cut,33,simple-minded
10000053,6,collapsed,amod,36,trapper,35,rough-cut
10000053,6,collapsed,prep_to,25,offer,36,trapper
10000053,6,collapsed-ccprocessed,amod,2,day,1,Next
10000053,6,collapsed-ccprocessed,tmod,21,seizes,2,day
10000053,6,collapsed-ccprocessed,det,5,trader,4,the
10000053,6,collapsed-ccprocessed,poss,7,wife,5,trader
10000053,6,collapsed-ccprocessed,nsubj,21,seizes,7,wife
10000053,6,collapsed-ccprocessed,det,11,need,10,the
10000053,6,collapsed-ccprocessed,prep_in,7,wife,11,need
10000053,6,collapsed-ccprocessed,aux,13,compensate,12,to
10000053,6,collapsed-ccprocessed,infmod,11,need,13,compensate
10000053,6,collapsed-ccprocessed,det,16,loss,15,the
10000053,6,collapsed-ccprocessed,prep_for,13,compensate,16,loss
10000053,6,collapsed-ccprocessed,poss,19,savings,18,her
10000053,6,collapsed-ccprocessed,prep_of,16,loss,19,savings
10000053,6,collapsed-ccprocessed,det,23,opportunity,22,the
10000053,6,collapsed-ccprocessed,dobj,21,seizes,23,opportunity
10000053,6,collapsed-ccprocessed,aux,25,offer,24,to
10000053,6,collapsed-ccprocessed,infmod,23,opportunity,25,offer
10000053,6,collapsed-ccprocessed,poss,27,foster-child,26,her
10000053,6,collapsed-ccprocessed,dobj,25,offer,27,foster-child
10000053,6,collapsed-ccprocessed,num,30,dollars,29,thousand
10000053,6,collapsed-ccprocessed,prep_for,25,offer,30,dollars
10000053,6,collapsed-ccprocessed,det,36,trapper,32,the
10000053,6,collapsed-ccprocessed,amod,35,rough-cut,33,simple-minded
10000053,6,collapsed-ccprocessed,amod,36,trapper,35,rough-cut
10000053,6,collapsed-ccprocessed,prep_to,25,offer,36,trapper
10000053,7,basic,nsubj,2,praises,1,She
10000053,7,basic,det,4,qualities,3,the
10000053,7,basic,dobj,2,praises,4,qualities
10000053,7,basic,prep,4,qualities,5,of
10000053,7,basic,det,8,girl,6,the
10000053,7,basic,amod,8,girl,7,shy
10000053,7,basic,pobj,5,of,8,girl
10000053,7,basic,cc,2,praises,9,and
10000053,7,basic,conj,2,praises,10,explains
10000053,7,basic,dobj,18,caused,12,that
10000053,7,basic,poss,14,inability,13,her
10000053,7,basic,nsubjpass,18,caused,14,inability
10000053,7,basic,aux,16,speak,15,to
10000053,7,basic,infmod,14,inability,16,speak
10000053,7,basic,auxpass,18,caused,17,is
10000053,7,basic,ccomp,2,praises,18,caused
10000053,7,basic,prep,18,caused,19,from
10000053,7,basic,det,21,shock,20,the
10000053,7,basic,pobj,19,from,21,shock
10000053,7,basic,nsubj,23,suffered,22,she
10000053,7,basic,rcmod,21,shock,23,suffered
10000053,7,basic,advmod,26,had,24,when
10000053,7,basic,nsubj,26,had,25,she
10000053,7,basic,advcl,23,suffered,26,had
10000053,7,basic,prep,26,had,27,to
10000053,7,basic,pobj,27,to,28,witness
10000053,7,basic,advmod,34,murdered,29,how
10000053,7,basic,poss,31,parents,30,her
10000053,7,basic,nsubjpass,34,murdered,31,parents
10000053,7,basic,auxpass,34,murdered,32,were
10000053,7,basic,advmod,34,murdered,33,barbarously
10000053,7,basic,ccomp,18,caused,34,murdered
10000053,7,basic,amod,36,years,35,several
10000053,7,basic,npadvmod,37,ago,36,years
10000053,7,basic,advmod,34,murdered,37,ago
10000053,7,collapsed,nsubj,2,praises,1,She
10000053,7,collapsed,det,4,qualities,3,the
10000053,7,collapsed,dobj,2,praises,4,qualities
10000053,7,collapsed,det,8,girl,6,the
10000053,7,collapsed,amod,8,girl,7,shy
10000053,7,collapsed,prep_of,4,qualities,8,girl
10000053,7,collapsed,conj_and,2,praises,10,explains
10000053,7,collapsed,dobj,18,caused,12,that
10000053,7,collapsed,poss,14,inability,13,her
10000053,7,collapsed,nsubjpass,18,caused,14,inability
10000053,7,collapsed,aux,16,speak,15,to
10000053,7,collapsed,infmod,14,inability,16,speak
10000053,7,collapsed,auxpass,18,caused,17,is
10000053,7,collapsed,ccomp,2,praises,18,caused
10000053,7,collapsed,det,21,shock,20,the
10000053,7,collapsed,prep_from,18,caused,21,shock
10000053,7,collapsed,nsubj,23,suffered,22,she
10000053,7,collapsed,rcmod,21,shock,23,suffered
10000053,7,collapsed,advmod,26,had,24,when
10000053,7,collapsed,nsubj,26,had,25,she
10000053,7,collapsed,advcl,23,suffered,26,had
10000053,7,collapsed,prep_to,26,had,28,witness
10000053,7,collapsed,advmod,34,murdered,29,how
10000053,7,collapsed,poss,31,parents,30,her
10000053,7,collapsed,nsubjpass,34,murdered,31,parents
10000053,7,collapsed,auxpass,34,murdered,32,were
10000053,7,collapsed,advmod,34,murdered,33,barbarously
10000053,7,collapsed,ccomp,18,caused,34,murdered
10000053,7,collapsed,amod,36,years,35,several
10000053,7,collapsed,npadvmod,37,ago,36,years
10000053,7,collapsed,advmod,34,murdered,37,ago
10000053,7,collapsed-ccprocessed,nsubj,2,praises,1,She
10000053,7,collapsed-ccprocessed,nsubj,10,explains,1,She
10000053,7,collapsed-ccprocessed,det,4,qualities,3,the
10000053,7,collapsed-ccprocessed,dobj,2,praises,4,qualities
10000053,7,collapsed-ccprocessed,det,8,girl,6,the
10000053,7,collapsed-ccprocessed,amod,8,girl,7,shy
10000053,7,collapsed-ccprocessed,prep_of,4,qualities,8,girl
10000053,7,collapsed-ccprocessed,conj_and,2,praises,10,explains
10000053,7,collapsed-ccprocessed,dobj,18,caused,12,that
10000053,7,collapsed-ccprocessed,poss,14,inability,13,her
10000053,7,collapsed-ccprocessed,nsubjpass,18,caused,14,inability
10000053,7,collapsed-ccprocessed,aux,16,speak,15,to
10000053,7,collapsed-ccprocessed,infmod,14,inability,16,speak
10000053,7,collapsed-ccprocessed,auxpass,18,caused,17,is
10000053,7,collapsed-ccprocessed,ccomp,2,praises,18,caused
10000053,7,collapsed-ccprocessed,det,21,shock,20,the
10000053,7,collapsed-ccprocessed,prep_from,18,caused,21,shock
10000053,7,collapsed-ccprocessed,nsubj,23,suffered,22,she
10000053,7,collapsed-ccprocessed,rcmod,21,shock,23,suffered
10000053,7,collapsed-ccprocessed,advmod,26,had,24,when
10000053,7,collapsed-ccprocessed,nsubj,26,had,25,she
10000053,7,collapsed-ccprocessed,advcl,23,suffered,26,had
10000053,7,collapsed-ccprocessed,prep_to,26,had,28,witness
10000053,7,collapsed-ccprocessed,advmod,34,murdered,29,how
10000053,7,collapsed-ccprocessed,poss,31,parents,30,her
10000053,7,collapsed-ccprocessed,nsubjpass,34,murdered,31,parents
10000053,7,collapsed-ccprocessed,auxpass,34,murdered,32,were
10000053,7,collapsed-ccprocessed,advmod,34,murdered,33,barbarously
10000053,7,collapsed-ccprocessed,ccomp,18,caused,34,murdered
10000053,7,collapsed-ccprocessed,amod,36,years,35,several
10000053,7,collapsed-ccprocessed,npadvmod,37,ago,36,years
10000053,7,collapsed-ccprocessed,advmod,34,murdered,37,ago
10000053,8,basic,nn,2,B,1,La
10000053,8,basic,nsubj,16,will,2,B
10000053,8,basic,nsubj,5,agrees,3,te
10000053,8,basic,advmod,5,agrees,4,finally
10000053,8,basic,rcmod,2,B,5,agrees
10000053,8,basic,aux,7,buy,6,to
10000053,8,basic,xcomp,5,agrees,7,buy
10000053,8,basic,det,10,girl,8,the
10000053,8,basic,amod,10,girl,9,mute
10000053,8,basic,dobj,7,buy,10,girl
10000053,8,basic,cc,5,agrees,11,and
10000053,8,basic,conj,5,agrees,12,takes
10000053,8,basic,dobj,12,takes,13,her
10000053,8,basic,prep,12,takes,14,against
10000053,8,basic,pobj,14,against,15,her
10000053,8,basic,prep,16,will,17,into
10000053,8,basic,det,21,wilderness,18,the
10000053,8,basic,advmod,20,beautiful,19,breathtakingly
10000053,8,basic,amod,21,wilderness,20,beautiful
10000053,8,basic,pobj,17,into,21,wilderness
10000053,8,basic,prep,21,wilderness,22,of
10000053,8,basic,nn,24,Columbia,23,British
10000053,8,basic,pobj,22,of,24,Columbia
10000053,8,collapsed,nn,2,B,1,La
10000053,8,collapsed,nsubj,16,will,2,B
10000053,8,collapsed,nsubj,5,agrees,3,te
10000053,8,collapsed,advmod,5,agrees,4,finally
10000053,8,collapsed,rcmod,2,B,5,agrees
10000053,8,collapsed,aux,7,buy,6,to
10000053,8,collapsed,xcomp,5,agrees,7,buy
10000053,8,collapsed,det,10,girl,8,the
10000053,8,collapsed,amod,10,girl,9,mute
10000053,8,collapsed,dobj,7,buy,10,girl
10000053,8,collapsed,conj_and,5,agrees,12,takes
10000053,8,collapsed,dobj,12,takes,13,her
10000053,8,collapsed,prep_against,12,takes,15,her
10000053,8,collapsed,det,21,wilderness,18,the
10000053,8,collapsed,advmod,20,beautiful,19,breathtakingly
10000053,8,collapsed,amod,21,wilderness,20,beautiful
10000053,8,collapsed,prep_into,16,will,21,wilderness
10000053,8,collapsed,nn,24,Columbia,23,British
10000053,8,collapsed,prep_of,21,wilderness,24,Columbia
10000053,8,collapsed-ccprocessed,nn,2,B,1,La
10000053,8,collapsed-ccprocessed,nsubj,16,will,2,B
10000053,8,collapsed-ccprocessed,nsubj,5,agrees,3,te
10000053,8,collapsed-ccprocessed,nsubj,12,takes,3,te
10000053,8,collapsed-ccprocessed,advmod,5,agrees,4,finally
10000053,8,collapsed-ccprocessed,rcmod,2,B,5,agrees
10000053,8,collapsed-ccprocessed,aux,7,buy,6,to
10000053,8,collapsed-ccprocessed,xcomp,5,agrees,7,buy
10000053,8,collapsed-ccprocessed,det,10,girl,8,the
10000053,8,collapsed-ccprocessed,amod,10,girl,9,mute
10000053,8,collapsed-ccprocessed,dobj,7,buy,10,girl
10000053,8,collapsed-ccprocessed,rcmod,2,B,12,takes
10000053,8,collapsed-ccprocessed,conj_and,5,agrees,12,takes
10000053,8,collapsed-ccprocessed,dobj,12,takes,13,her
10000053,8,collapsed-ccprocessed,prep_against,12,takes,15,her
10000053,8,collapsed-ccprocessed,det,21,wilderness,18,the
10000053,8,collapsed-ccprocessed,advmod,20,beautiful,19,breathtakingly
10000053,8,collapsed-ccprocessed,amod,21,wilderness,20,beautiful
10000053,8,collapsed-ccprocessed,prep_into,16,will,21,wilderness
10000053,8,collapsed-ccprocessed,nn,24,Columbia,23,British
10000053,8,collapsed-ccprocessed,prep_of,21,wilderness,24,Columbia
10000053,9,basic,advmod,5,starts,1,Here
10000053,9,basic,det,4,couple,2,the
10000053,9,basic,amod,4,couple,3,strange
10000053,9,basic,nsubj,5,starts,4,couple
10000053,9,basic,det,8,relationship,6,a
10000053,9,basic,amod,8,relationship,7,difficult
10000053,9,basic,dobj,5,starts,8,relationship
10000053,9,basic,partmod,8,relationship,9,characterized
10000053,9,basic,prep,9,characterized,10,by
10000053,9,basic,pobj,10,by,11,mistrust
10000053,9,basic,cc,11,mistrust,12,and
10000053,9,basic,poss,15,dislike,13,Eve
10000053,9,basic,possessive,13,Eve,14,'s
10000053,9,basic,conj,11,mistrust,15,dislike
10000053,9,collapsed,advmod,5,starts,1,Here
10000053,9,collapsed,det,4,couple,2,the
10000053,9,collapsed,amod,4,couple,3,strange
10000053,9,collapsed,nsubj,5,starts,4,couple
10000053,9,collapsed,det,8,relationship,6,a
10000053,9,collapsed,amod,8,relationship,7,difficult
10000053,9,collapsed,dobj,5,starts,8,relationship
10000053,9,collapsed,partmod,8,relationship,9,characterized
10000053,9,collapsed,agent,9,characterized,11,mistrust
10000053,9,collapsed,poss,15,dislike,13,Eve
10000053,9,collapsed,conj_and,11,mistrust,15,dislike
10000053,9,collapsed-ccprocessed,advmod,5,starts,1,Here
10000053,9,collapsed-ccprocessed,det,4,couple,2,the
10000053,9,collapsed-ccprocessed,amod,4,couple,3,strange
10000053,9,collapsed-ccprocessed,nsubj,5,starts,4,couple
10000053,9,collapsed-ccprocessed,det,8,relationship,6,a
10000053,9,collapsed-ccprocessed,amod,8,relationship,7,difficult
10000053,9,collapsed-ccprocessed,dobj,5,starts,8,relationship
10000053,9,collapsed-ccprocessed,partmod,8,relationship,9,characterized
10000053,9,collapsed-ccprocessed,agent,9,characterized,11,mistrust
10000053,9,collapsed-ccprocessed,poss,15,dislike,13,Eve
10000053,9,collapsed-ccprocessed,agent,9,characterized,15,dislike
10000053,9,collapsed-ccprocessed,conj_and,11,mistrust,15,dislike
10000053,10,basic,nsubj,3,rejects,1,Eve
10000053,10,basic,advmod,3,rejects,2,vehemently
10000053,10,basic,det,5,advances,4,the
10000053,10,basic,dobj,3,rejects,5,advances
10000053,10,basic,prep,5,advances,6,of
10000053,10,basic,det,9,trapper,7,the
10000053,10,basic,amod,9,trapper,8,gruff
10000053,10,basic,pobj,6,of,9,trapper
10000053,10,collapsed,nsubj,3,rejects,1,Eve
10000053,10,collapsed,advmod,3,rejects,2,vehemently
10000053,10,collapsed,det,5,advances,4,the
10000053,10,collapsed,dobj,3,rejects,5,advances
10000053,10,collapsed,det,9,trapper,7,the
10000053,10,collapsed,amod,9,trapper,8,gruff
10000053,10,collapsed,prep_of,5,advances,9,trapper
10000053,10,collapsed-ccprocessed,nsubj,3,rejects,1,Eve
10000053,10,collapsed-ccprocessed,advmod,3,rejects,2,vehemently
10000053,10,collapsed-ccprocessed,det,5,advances,4,the
10000053,10,collapsed-ccprocessed,dobj,3,rejects,5,advances
10000053,10,collapsed-ccprocessed,det,9,trapper,7,the
10000053,10,collapsed-ccprocessed,amod,9,trapper,8,gruff
10000053,10,collapsed-ccprocessed,prep_of,5,advances,9,trapper
10000053,11,basic,nn,3,te,1,La
10000053,11,basic,nn,3,te,2,B
10000053,11,basic,nsubj,4,takes,3,te
10000053,11,basic,dobj,4,takes,5,her
10000053,11,basic,prep,4,takes,6,for
10000053,11,basic,pobj,6,for,7,hunting
10000053,11,basic,cc,4,takes,8,and
10000053,11,basic,conj,4,takes,9,acquaints
10000053,11,basic,dobj,9,acquaints,10,her
10000053,11,basic,prep,9,acquaints,11,with
10000053,11,basic,det,13,beauty,12,the
10000053,11,basic,pobj,11,with,13,beauty
10000053,11,basic,cc,13,beauty,14,and
10000053,11,basic,det,16,dangers,15,the
10000053,11,basic,conj,13,beauty,16,dangers
10000053,11,basic,prep,16,dangers,17,of
10000053,11,basic,det,19,wilderness,18,the
10000053,11,basic,pobj,17,of,19,wilderness
10000053,11,basic,cc,4,takes,21,but
10000053,11,basic,advmod,28,fails,22,here
10000053,11,basic,advmod,25,well,24,as
10000053,11,basic,advmod,28,fails,25,well
10000053,11,basic,nsubj,28,fails,27,he
10000053,11,basic,conj,4,takes,28,fails
10000053,11,basic,aux,30,win,29,to
10000053,11,basic,xcomp,28,fails,30,win
10000053,11,basic,poss,32,trust,31,her
10000053,11,basic,dobj,30,win,32,trust
10000053,11,collapsed,nn,3,te,1,La
10000053,11,collapsed,nn,3,te,2,B
10000053,11,collapsed,nsubj,4,takes,3,te
10000053,11,collapsed,dobj,4,takes,5,her
10000053,11,collapsed,prep_for,4,takes,7,hunting
10000053,11,collapsed,conj_and,4,takes,9,acquaints
10000053,11,collapsed,dobj,9,acquaints,10,her
10000053,11,collapsed,det,13,beauty,12,the
10000053,11,collapsed,prep_with,9,acquaints,13,beauty
10000053,11,collapsed,det,16,dangers,15,the
10000053,11,collapsed,conj_and,13,beauty,16,dangers
10000053,11,collapsed,det,19,wilderness,18,the
10000053,11,collapsed,prep_of,16,dangers,19,wilderness
10000053,11,collapsed,advmod,28,fails,22,here
10000053,11,collapsed,advmod,25,well,24,as
10000053,11,collapsed,advmod,28,fails,25,well
10000053,11,collapsed,nsubj,28,fails,27,he
10000053,11,collapsed,conj_but,4,takes,28,fails
10000053,11,collapsed,aux,30,win,29,to
10000053,11,collapsed,xcomp,28,fails,30,win
10000053,11,collapsed,poss,32,trust,31,her
10000053,11,collapsed,dobj,30,win,32,trust
10000053,11,collapsed-ccprocessed,nn,3,te,1,La
10000053,11,collapsed-ccprocessed,nn,3,te,2,B
10000053,11,collapsed-ccprocessed,nsubj,4,takes,3,te
10000053,11,collapsed-ccprocessed,nsubj,9,acquaints,3,te
10000053,11,collapsed-ccprocessed,dobj,4,takes,5,her
10000053,11,collapsed-ccprocessed,prep_for,4,takes,7,hunting
10000053,11,collapsed-ccprocessed,conj_and,4,takes,9,acquaints
10000053,11,collapsed-ccprocessed,dobj,9,acquaints,10,her
10000053,11,collapsed-ccprocessed,det,13,beauty,12,the
10000053,11,collapsed-ccprocessed,prep_with,9,acquaints,13,beauty
10000053,11,collapsed-ccprocessed,det,16,dangers,15,the
10000053,11,collapsed-ccprocessed,prep_with,9,acquaints,16,dangers
10000053,11,collapsed-ccprocessed,conj_and,13,beauty,16,dangers
10000053,11,collapsed-ccprocessed,det,19,wilderness,18,the
10000053,11,collapsed-ccprocessed,prep_of,16,dangers,19,wilderness
10000053,11,collapsed-ccprocessed,advmod,28,fails,22,here
10000053,11,collapsed-ccprocessed,advmod,25,well,24,as
10000053,11,collapsed-ccprocessed,advmod,28,fails,25,well
10000053,11,collapsed-ccprocessed,nsubj,28,fails,27,he
10000053,11,collapsed-ccprocessed,conj_but,4,takes,28,fails
10000053,11,collapsed-ccprocessed,aux,30,win,29,to
10000053,11,collapsed-ccprocessed,xcomp,28,fails,30,win
10000053,11,collapsed-ccprocessed,poss,32,trust,31,her
10000053,11,collapsed-ccprocessed,dobj,30,win,32,trust
10000053,12,basic,det,3,trapper,1,The
10000053,12,basic,amod,3,trapper,2,lonely
10000053,12,basic,nsubj,5,spends,3,trapper
10000053,12,basic,advmod,5,spends,4,still
10000053,12,basic,det,7,nights,6,the
10000053,12,basic,tmod,5,spends,7,nights
10000053,12,basic,advmod,5,spends,8,alone
10000053,12,basic,prep,5,spends,9,in
10000053,12,basic,poss,11,bed,10,his
10000053,12,basic,pobj,9,in,11,bed
10000053,12,collapsed,det,3,trapper,1,The
10000053,12,collapsed,amod,3,trapper,2,lonely
10000053,12,collapsed,nsubj,5,spends,3,trapper
10000053,12,collapsed,advmod,5,spends,4,still
10000053,12,collapsed,det,7,nights,6,the
10000053,12,collapsed,tmod,5,spends,7,nights
10000053,12,collapsed,advmod,5,spends,8,alone
10000053,12,collapsed,poss,11,bed,10,his
10000053,12,collapsed,prep_in,5,spends,11,bed
10000053,12,collapsed-ccprocessed,det,3,trapper,1,The
10000053,12,collapsed-ccprocessed,amod,3,trapper,2,lonely
10000053,12,collapsed-ccprocessed,nsubj,5,spends,3,trapper
10000053,12,collapsed-ccprocessed,advmod,5,spends,4,still
10000053,12,collapsed-ccprocessed,det,7,nights,6,the
10000053,12,collapsed-ccprocessed,tmod,5,spends,7,nights
10000053,12,collapsed-ccprocessed,advmod,5,spends,8,alone
10000053,12,collapsed-ccprocessed,poss,11,bed,10,his
10000053,12,collapsed-ccprocessed,prep_in,5,spends,11,bed
10000053,13,basic,num,2,day,1,One
10000053,13,basic,tmod,16,threatened,2,day
10000053,13,basic,prep,16,threatened,4,on
10000053,13,basic,pcomp,4,on,5,checking
10000053,13,basic,poss,7,traps,6,his
10000053,13,basic,dobj,5,checking,7,traps
10000053,13,basic,prep,5,checking,8,for
10000053,13,basic,amod,10,animals,9,caught
10000053,13,basic,pobj,8,for,10,animals
10000053,13,basic,nn,14,te,12,La
10000053,13,basic,nn,14,te,13,B
10000053,13,basic,nsubjpass,16,threatened,14,te
10000053,13,basic,auxpass,16,threatened,15,is
10000053,13,basic,prep,16,threatened,17,by
10000053,13,basic,det,20,lion,18,a
10000053,13,basic,nn,20,lion,19,mountain
10000053,13,basic,pobj,17,by,20,lion
10000053,13,collapsed,num,2,day,1,One
10000053,13,collapsed,tmod,16,threatened,2,day
10000053,13,collapsed,prepc_on,16,threatened,5,checking
10000053,13,collapsed,poss,7,traps,6,his
10000053,13,collapsed,dobj,5,checking,7,traps
10000053,13,collapsed,amod,10,animals,9,caught
10000053,13,collapsed,prep_for,5,checking,10,animals
10000053,13,collapsed,nn,14,te,12,La
10000053,13,collapsed,nn,14,te,13,B
10000053,13,collapsed,nsubjpass,16,threatened,14,te
10000053,13,collapsed,auxpass,16,threatened,15,is
10000053,13,collapsed,det,20,lion,18,a
10000053,13,collapsed,nn,20,lion,19,mountain
10000053,13,collapsed,agent,16,threatened,20,lion
10000053,13,collapsed-ccprocessed,num,2,day,1,One
10000053,13,collapsed-ccprocessed,tmod,16,threatened,2,day
10000053,13,collapsed-ccprocessed,prepc_on,16,threatened,5,checking
10000053,13,collapsed-ccprocessed,poss,7,traps,6,his
10000053,13,collapsed-ccprocessed,dobj,5,checking,7,traps
10000053,13,collapsed-ccprocessed,amod,10,animals,9,caught
10000053,13,collapsed-ccprocessed,prep_for,5,checking,10,animals
10000053,13,collapsed-ccprocessed,nn,14,te,12,La
10000053,13,collapsed-ccprocessed,nn,14,te,13,B
10000053,13,collapsed-ccprocessed,nsubjpass,16,threatened,14,te
10000053,13,collapsed-ccprocessed,auxpass,16,threatened,15,is
10000053,13,collapsed-ccprocessed,det,20,lion,18,a
10000053,13,collapsed-ccprocessed,nn,20,lion,19,mountain
10000053,13,collapsed-ccprocessed,agent,16,threatened,20,lion
10000053,14,basic,nsubj,3,shoots,1,He
10000053,14,basic,advmod,3,shoots,2,successfully
10000053,14,basic,det,5,cat,4,the
10000053,14,basic,dobj,3,shoots,5,cat
10000053,14,basic,cc,3,shoots,6,but
10000053,14,basic,advmod,8,gets,7,inadvertently
10000053,14,basic,conj,3,shoots,8,gets
10000053,14,basic,poss,10,foot,9,his
10000053,14,basic,dobj,8,gets,10,foot
10000053,14,basic,prep,8,gets,11,into
10000053,14,basic,poss,15,trap,12,his
10000053,14,basic,amod,15,trap,13,own
10000053,14,basic,nn,15,trap,14,bear
10000053,14,basic,pobj,11,into,15,trap
10000053,14,collapsed,nsubj,3,shoots,1,He
10000053,14,collapsed,advmod,3,shoots,2,successfully
10000053,14,collapsed,det,5,cat,4,the
10000053,14,collapsed,dobj,3,shoots,5,cat
10000053,14,collapsed,advmod,8,gets,7,inadvertently
10000053,14,collapsed,conj_but,3,shoots,8,gets
10000053,14,collapsed,poss,10,foot,9,his
10000053,14,collapsed,dobj,8,gets,10,foot
10000053,14,collapsed,poss,15,trap,12,his
10000053,14,collapsed,amod,15,trap,13,own
10000053,14,collapsed,nn,15,trap,14,bear
10000053,14,collapsed,prep_into,8,gets,15,trap
10000053,14,collapsed-ccprocessed,nsubj,3,shoots,1,He
10000053,14,collapsed-ccprocessed,nsubj,8,gets,1,He
10000053,14,collapsed-ccprocessed,advmod,3,shoots,2,successfully
10000053,14,collapsed-ccprocessed,det,5,cat,4,the
10000053,14,collapsed-ccprocessed,dobj,3,shoots,5,cat
10000053,14,collapsed-ccprocessed,advmod,8,gets,7,inadvertently
10000053,14,collapsed-ccprocessed,conj_but,3,shoots,8,gets
10000053,14,collapsed-ccprocessed,poss,10,foot,9,his
10000053,14,collapsed-ccprocessed,dobj,8,gets,10,foot
10000053,14,collapsed-ccprocessed,poss,15,trap,12,his
10000053,14,collapsed-ccprocessed,amod,15,trap,13,own
10000053,14,collapsed-ccprocessed,nn,15,trap,14,bear
10000053,14,collapsed-ccprocessed,prep_into,8,gets,15,trap
10000053,15,basic,advmod,2,injured,1,Badly
10000053,15,basic,dep,5,tries,2,injured
10000053,15,basic,nsubj,5,tries,4,he
10000053,15,basic,aux,7,drag,6,to
10000053,15,basic,xcomp,5,tries,7,drag
10000053,15,basic,dobj,7,drag,8,himself
10000053,15,basic,prt,7,drag,9,back
10000053,15,basic,prep,7,drag,10,to
10000053,15,basic,poss,12,hut,11,his
10000053,15,basic,pobj,10,to,12,hut
10000053,15,basic,partmod,12,hut,14,hunted
10000053,15,basic,prep,14,hunted,15,by
10000053,15,basic,amod,17,wolves,16,famished
10000053,15,basic,pobj,15,by,17,wolves
10000053,15,collapsed,advmod,2,injured,1,Badly
10000053,15,collapsed,dep,5,tries,2,injured
10000053,15,collapsed,nsubj,5,tries,4,he
10000053,15,collapsed,aux,7,drag,6,to
10000053,15,collapsed,xcomp,5,tries,7,drag
10000053,15,collapsed,dobj,7,drag,8,himself
10000053,15,collapsed,prt,7,drag,9,back
10000053,15,collapsed,poss,12,hut,11,his
10000053,15,collapsed,prep_to,7,drag,12,hut
10000053,15,collapsed,partmod,12,hut,14,hunted
10000053,15,collapsed,amod,17,wolves,16,famished
10000053,15,collapsed,agent,14,hunted,17,wolves
10000053,15,collapsed-ccprocessed,advmod,2,injured,1,Badly
10000053,15,collapsed-ccprocessed,dep,5,tries,2,injured
10000053,15,collapsed-ccprocessed,nsubj,5,tries,4,he
10000053,15,collapsed-ccprocessed,aux,7,drag,6,to
10000053,15,collapsed-ccprocessed,xcomp,5,tries,7,drag
10000053,15,collapsed-ccprocessed,dobj,7,drag,8,himself
10000053,15,collapsed-ccprocessed,prt,7,drag,9,back
10000053,15,collapsed-ccprocessed,poss,12,hut,11,his
10000053,15,collapsed-ccprocessed,prep_to,7,drag,12,hut
10000053,15,collapsed-ccprocessed,partmod,12,hut,14,hunted
10000053,15,collapsed-ccprocessed,amod,17,wolves,16,famished
10000053,15,collapsed-ccprocessed,agent,14,hunted,17,wolves
10000053,16,basic,advmod,5,waiting,1,Meanwhile
10000053,16,basic,nsubj,5,waiting,3,Eve
10000053,16,basic,aux,5,waiting,4,is
10000053,16,basic,prep,5,waiting,6,at
10000053,16,basic,det,8,cabin,7,the
10000053,16,basic,pobj,6,at,8,cabin
10000053,16,basic,cc,5,waiting,9,and
10000053,16,basic,conj,5,waiting,10,hears
10000053,16,basic,det,13,howling,11,the
10000053,16,basic,amod,13,howling,12,distant
10000053,16,basic,dobj,10,hears,13,howling
10000053,16,basic,prep,13,howling,14,of
10000053,16,basic,det,16,wolves,15,the
10000053,16,basic,pobj,14,of,16,wolves
10000053,16,basic,xcomp,10,hears,17,approaching
10000053,16,basic,det,19,hut,18,the
10000053,16,basic,dobj,17,approaching,19,hut
10000053,16,collapsed,advmod,5,waiting,1,Meanwhile
10000053,16,collapsed,nsubj,5,waiting,3,Eve
10000053,16,collapsed,aux,5,waiting,4,is
10000053,16,collapsed,det,8,cabin,7,the
10000053,16,collapsed,prep_at,5,waiting,8,cabin
10000053,16,collapsed,conj_and,5,waiting,10,hears
10000053,16,collapsed,det,13,howling,11,the
10000053,16,collapsed,amod,13,howling,12,distant
10000053,16,collapsed,dobj,10,hears,13,howling
10000053,16,collapsed,det,16,wolves,15,the
10000053,16,collapsed,prep_of,13,howling,16,wolves
10000053,16,collapsed,xcomp,10,hears,17,approaching
10000053,16,collapsed,det,19,hut,18,the
10000053,16,collapsed,dobj,17,approaching,19,hut
10000053,16,collapsed-ccprocessed,advmod,5,waiting,1,Meanwhile
10000053,16,collapsed-ccprocessed,nsubj,5,waiting,3,Eve
10000053,16,collapsed-ccprocessed,nsubj,10,hears,3,Eve
10000053,16,collapsed-ccprocessed,aux,5,waiting,4,is
10000053,16,collapsed-ccprocessed,det,8,cabin,7,the
10000053,16,collapsed-ccprocessed,prep_at,5,waiting,8,cabin
10000053,16,collapsed-ccprocessed,conj_and,5,waiting,10,hears
10000053,16,collapsed-ccprocessed,det,13,howling,11,the
10000053,16,collapsed-ccprocessed,amod,13,howling,12,distant
10000053,16,collapsed-ccprocessed,dobj,10,hears,13,howling
10000053,16,collapsed-ccprocessed,det,16,wolves,15,the
10000053,16,collapsed-ccprocessed,prep_of,13,howling,16,wolves
10000053,16,collapsed-ccprocessed,xcomp,10,hears,17,approaching
10000053,16,collapsed-ccprocessed,det,19,hut,18,the
10000053,16,collapsed-ccprocessed,dobj,17,approaching,19,hut
10000053,17,basic,prep,1,Equipped,2,with
10000053,17,basic,det,4,gun,3,a
10000053,17,basic,pobj,2,with,4,gun
10000053,17,basic,nsubj,6,sets,5,she
10000053,17,basic,ccomp,1,Equipped,6,sets
10000053,17,basic,prt,6,sets,7,out
10000053,17,basic,prep,6,sets,8,in
10000053,17,basic,pobj,8,in,9,search
10000053,17,basic,prep,9,search,10,for
10000053,17,basic,nn,13,te,11,La
10000053,17,basic,nn,13,te,12,B
10000053,17,basic,pobj,10,for,13,te
10000053,17,basic,cc,1,Equipped,15,and
10000053,17,basic,advmod,20,rid,16,together
10000053,17,basic,nsubj,20,rid,17,they
10000053,17,basic,aux,20,rid,18,can
10000053,17,basic,dep,20,rid,19,get
10000053,17,basic,conj,1,Equipped,20,rid
10000053,17,basic,prep,20,rid,21,of
10000053,17,basic,det,24,pack,22,the
10000053,17,basic,nn,24,pack,23,wolf
10000053,17,basic,pobj,21,of,24,pack
10000053,17,collapsed,det,4,gun,3,a
10000053,17,collapsed,prep_with,1,Equipped,4,gun
10000053,17,collapsed,nsubj,6,sets,5,she
10000053,17,collapsed,ccomp,1,Equipped,6,sets
10000053,17,collapsed,prt,6,sets,7,out
10000053,17,collapsed,prep_in,6,sets,9,search
10000053,17,collapsed,nn,13,te,11,La
10000053,17,collapsed,nn,13,te,12,B
10000053,17,collapsed,prep_for,9,search,13,te
10000053,17,collapsed,advmod,20,rid,16,together
10000053,17,collapsed,nsubj,20,rid,17,they
10000053,17,collapsed,aux,20,rid,18,can
10000053,17,collapsed,dep,20,rid,19,get
10000053,17,collapsed,conj_and,1,Equipped,20,rid
10000053,17,collapsed,det,24,pack,22,the
10000053,17,collapsed,nn,24,pack,23,wolf
10000053,17,collapsed,prep_of,20,rid,24,pack
10000053,17,collapsed-ccprocessed,det,4,gun,3,a
10000053,17,collapsed-ccprocessed,prep_with,1,Equipped,4,gun
10000053,17,collapsed-ccprocessed,nsubj,6,sets,5,she
10000053,17,collapsed-ccprocessed,ccomp,1,Equipped,6,sets
10000053,17,collapsed-ccprocessed,prt,6,sets,7,out
10000053,17,collapsed-ccprocessed,prep_in,6,sets,9,search
10000053,17,collapsed-ccprocessed,nn,13,te,11,La
10000053,17,collapsed-ccprocessed,nn,13,te,12,B
10000053,17,collapsed-ccprocessed,prep_for,9,search,13,te
10000053,17,collapsed-ccprocessed,advmod,20,rid,16,together
10000053,17,collapsed-ccprocessed,nsubj,20,rid,17,they
10000053,17,collapsed-ccprocessed,aux,20,rid,18,can
10000053,17,collapsed-ccprocessed,dep,20,rid,19,get
10000053,17,collapsed-ccprocessed,conj_and,1,Equipped,20,rid
10000053,17,collapsed-ccprocessed,det,24,pack,22,the
10000053,17,collapsed-ccprocessed,nn,24,pack,23,wolf
10000053,17,collapsed-ccprocessed,prep_of,20,rid,24,pack
10000053,18,basic,nn,3,te,1,La
10000053,18,basic,nn,3,te,2,B
10000053,18,basic,poss,5,foot,3,te
10000053,18,basic,possessive,3,te,4,'s
10000053,18,basic,nsubjpass,7,broken,5,foot
10000053,18,basic,auxpass,7,broken,6,is
10000053,18,basic,dep,7,broken,9,so
10000053,18,basic,nsubj,11,asks,10,he
10000053,18,basic,ccomp,7,broken,11,asks
10000053,18,basic,nsubj,14,bring,12,Eve
10000053,18,basic,aux,14,bring,13,to
10000053,18,basic,xcomp,11,asks,14,bring
10000053,18,basic,det,17,man,15,the
10000053,18,basic,nn,17,man,16,medicine
10000053,18,basic,dobj,14,bring,17,man
10000053,18,basic,prep,14,bring,18,from
10000053,18,basic,det,22,village,19,the
10000053,18,basic,amod,22,village,20,next
10000053,18,basic,amod,22,village,21,Indian
10000053,18,basic,pobj,18,from,22,village
10000053,18,basic,det,27,trip,24,a
10000053,18,basic,num,27,trip,25,two
10000053,18,basic,nn,27,trip,26,days
10000053,18,basic,appos,22,village,27,trip
10000053,18,basic,advmod,14,bring,28,away
10000053,18,collapsed,nn,3,te,1,La
10000053,18,collapsed,nn,3,te,2,B
10000053,18,collapsed,poss,5,foot,3,te
10000053,18,collapsed,nsubjpass,7,broken,5,foot
10000053,18,collapsed,auxpass,7,broken,6,is
10000053,18,collapsed,dep,7,broken,9,so
10000053,18,collapsed,nsubj,11,asks,10,he
10000053,18,collapsed,ccomp,7,broken,11,asks
10000053,18,collapsed,nsubj,14,bring,12,Eve
10000053,18,collapsed,aux,14,bring,13,to
10000053,18,collapsed,xcomp,11,asks,14,bring
10000053,18,collapsed,det,17,man,15,the
10000053,18,collapsed,nn,17,man,16,medicine
10000053,18,collapsed,dobj,14,bring,17,man
10000053,18,collapsed,det,22,village,19,the
10000053,18,collapsed,amod,22,village,20,next
10000053,18,collapsed,amod,22,village,21,Indian
10000053,18,collapsed,prep_from,14,bring,22,village
10000053,18,collapsed,det,27,trip,24,a
10000053,18,collapsed,num,27,trip,25,two
10000053,18,collapsed,nn,27,trip,26,days
10000053,18,collapsed,appos,22,village,27,trip
10000053,18,collapsed,advmod,14,bring,28,away
10000053,18,collapsed-ccprocessed,nn,3,te,1,La
10000053,18,collapsed-ccprocessed,nn,3,te,2,B
10000053,18,collapsed-ccprocessed,poss,5,foot,3,te
10000053,18,collapsed-ccprocessed,nsubjpass,7,broken,5,foot
10000053,18,collapsed-ccprocessed,auxpass,7,broken,6,is
10000053,18,collapsed-ccprocessed,dep,7,broken,9,so
10000053,18,collapsed-ccprocessed,nsubj,11,asks,10,he
10000053,18,collapsed-ccprocessed,ccomp,7,broken,11,asks
10000053,18,collapsed-ccprocessed,nsubj,14,bring,12,Eve
10000053,18,collapsed-ccprocessed,aux,14,bring,13,to
10000053,18,collapsed-ccprocessed,xcomp,11,asks,14,bring
10000053,18,collapsed-ccprocessed,det,17,man,15,the
10000053,18,collapsed-ccprocessed,nn,17,man,16,medicine
10000053,18,collapsed-ccprocessed,dobj,14,bring,17,man
10000053,18,collapsed-ccprocessed,det,22,village,19,the
10000053,18,collapsed-ccprocessed,amod,22,village,20,next
10000053,18,collapsed-ccprocessed,amod,22,village,21,Indian
10000053,18,collapsed-ccprocessed,prep_from,14,bring,22,village
10000053,18,collapsed-ccprocessed,det,27,trip,24,a
10000053,18,collapsed-ccprocessed,num,27,trip,25,two
10000053,18,collapsed-ccprocessed,nn,27,trip,26,days
10000053,18,collapsed-ccprocessed,appos,22,village,27,trip
10000053,18,collapsed-ccprocessed,advmod,14,bring,28,away
10000053,19,basic,det,3,winter,1,The
10000053,19,basic,amod,3,winter,2,Canadian
10000053,19,basic,nsubj,6,come,3,winter
10000053,19,basic,aux,6,come,4,has
10000053,19,basic,advmod,6,come,5,already
10000053,19,basic,advmod,6,come,8,so
10000053,19,basic,nsubj,10,puts,9,Eve
10000053,19,basic,ccomp,6,come,10,puts
10000053,19,basic,prep,10,puts,11,on
10000053,19,basic,poss,13,snowshoes,12,her
10000053,19,basic,pobj,11,on,13,snowshoes
10000053,19,basic,cc,10,puts,15,and
10000053,19,basic,conj,10,puts,16,starts
10000053,19,basic,det,21,walk,17,a
10000053,19,basic,amod,21,walk,18,long
10000053,19,basic,amod,21,walk,20,arduous
10000053,19,basic,nsubj,24,covered,21,walk
10000053,19,basic,prep,21,walk,22,over
10000053,19,basic,pobj,22,over,23,snow
10000053,19,basic,ccomp,16,starts,24,covered
10000053,19,basic,nn,26,tops,25,hill
10000053,19,basic,dobj,24,covered,26,tops
10000053,19,collapsed,det,3,winter,1,The
10000053,19,collapsed,amod,3,winter,2,Canadian
10000053,19,collapsed,nsubj,6,come,3,winter
10000053,19,collapsed,aux,6,come,4,has
10000053,19,collapsed,advmod,6,come,5,already
10000053,19,collapsed,advmod,6,come,8,so
10000053,19,collapsed,nsubj,10,puts,9,Eve
10000053,19,collapsed,ccomp,6,come,10,puts
10000053,19,collapsed,poss,13,snowshoes,12,her
10000053,19,collapsed,prep_on,10,puts,13,snowshoes
10000053,19,collapsed,conj_and,10,puts,16,starts
10000053,19,collapsed,det,21,walk,17,a
10000053,19,collapsed,amod,21,walk,18,long
10000053,19,collapsed,amod,21,walk,20,arduous
10000053,19,collapsed,nsubj,24,covered,21,walk
10000053,19,collapsed,prep_over,21,walk,23,snow
10000053,19,collapsed,ccomp,16,starts,24,covered
10000053,19,collapsed,nn,26,tops,25,hill
10000053,19,collapsed,dobj,24,covered,26,tops
10000053,19,collapsed-ccprocessed,det,3,winter,1,The
10000053,19,collapsed-ccprocessed,amod,3,winter,2,Canadian
10000053,19,collapsed-ccprocessed,nsubj,6,come,3,winter
10000053,19,collapsed-ccprocessed,aux,6,come,4,has
10000053,19,collapsed-ccprocessed,advmod,6,come,5,already
10000053,19,collapsed-ccprocessed,advmod,6,come,8,so
10000053,19,collapsed-ccprocessed,nsubj,10,puts,9,Eve
10000053,19,collapsed-ccprocessed,nsubj,16,starts,9,Eve
10000053,19,collapsed-ccprocessed,ccomp,6,come,10,puts
10000053,19,collapsed-ccprocessed,poss,13,snowshoes,12,her
10000053,19,collapsed-ccprocessed,prep_on,10,puts,13,snowshoes
10000053,19,collapsed-ccprocessed,ccomp,6,come,16,starts
10000053,19,collapsed-ccprocessed,conj_and,10,puts,16,starts
10000053,19,collapsed-ccprocessed,det,21,walk,17,a
10000053,19,collapsed-ccprocessed,amod,21,walk,18,long
10000053,19,collapsed-ccprocessed,amod,21,walk,20,arduous
10000053,19,collapsed-ccprocessed,nsubj,24,covered,21,walk
10000053,19,collapsed-ccprocessed,prep_over,21,walk,23,snow
10000053,19,collapsed-ccprocessed,ccomp,16,starts,24,covered
10000053,19,collapsed-ccprocessed,nn,26,tops,25,hill
10000053,19,collapsed-ccprocessed,dobj,24,covered,26,tops
10000053,20,basic,nsubj,3,reaches,1,She
10000053,20,basic,advmod,3,reaches,2,finally
10000053,20,basic,det,5,village,4,the
10000053,20,basic,dobj,3,reaches,5,village
10000053,20,basic,advmod,3,reaches,6,only
10000053,20,basic,aux,8,find,7,to
10000053,20,basic,xcomp,3,reaches,8,find
10000053,20,basic,nsubj,11,deserted,9,it
10000053,20,basic,advmod,11,deserted,10,totally
10000053,20,basic,ccomp,8,find,11,deserted
10000053,20,collapsed,nsubj,3,reaches,1,She
10000053,20,collapsed,advmod,3,reaches,2,finally
10000053,20,collapsed,det,5,village,4,the
10000053,20,collapsed,dobj,3,reaches,5,village
10000053,20,collapsed,advmod,3,reaches,6,only
10000053,20,collapsed,aux,8,find,7,to
10000053,20,collapsed,xcomp,3,reaches,8,find
10000053,20,collapsed,nsubj,11,deserted,9,it
10000053,20,collapsed,advmod,11,deserted,10,totally
10000053,20,collapsed,ccomp,8,find,11,deserted
10000053,20,collapsed-ccprocessed,nsubj,3,reaches,1,She
10000053,20,collapsed-ccprocessed,advmod,3,reaches,2,finally
10000053,20,collapsed-ccprocessed,det,5,village,4,the
10000053,20,collapsed-ccprocessed,dobj,3,reaches,5,village
10000053,20,collapsed-ccprocessed,advmod,3,reaches,6,only
10000053,20,collapsed-ccprocessed,aux,8,find,7,to
10000053,20,collapsed-ccprocessed,xcomp,3,reaches,8,find
10000053,20,collapsed-ccprocessed,nsubj,11,deserted,9,it
10000053,20,collapsed-ccprocessed,advmod,11,deserted,10,totally
10000053,20,collapsed-ccprocessed,ccomp,8,find,11,deserted
10000053,21,basic,partmod,5,finds,1,Returning
10000053,21,basic,acomp,1,Returning,2,empty-handed
10000053,21,basic,nsubj,5,finds,4,Eve
10000053,21,basic,nn,8,te,6,La
10000053,21,basic,nn,8,te,7,B
10000053,21,basic,dobj,5,finds,8,te
10000053,21,basic,advmod,10,suffering,9,already
10000053,21,basic,partmod,8,te,10,suffering
10000053,21,basic,prep,10,suffering,11,from
10000053,21,basic,nn,13,poisoning,12,blood
10000053,21,basic,pobj,11,from,13,poisoning
10000053,21,collapsed,partmod,5,finds,1,Returning
10000053,21,collapsed,acomp,1,Returning,2,empty-handed
10000053,21,collapsed,nsubj,5,finds,4,Eve
10000053,21,collapsed,nn,8,te,6,La
10000053,21,collapsed,nn,8,te,7,B
10000053,21,collapsed,dobj,5,finds,8,te
10000053,21,collapsed,advmod,10,suffering,9,already
10000053,21,collapsed,partmod,8,te,10,suffering
10000053,21,collapsed,nn,13,poisoning,12,blood
10000053,21,collapsed,prep_from,10,suffering,13,poisoning
10000053,21,collapsed-ccprocessed,partmod,5,finds,1,Returning
10000053,21,collapsed-ccprocessed,acomp,1,Returning,2,empty-handed
10000053,21,collapsed-ccprocessed,nsubj,5,finds,4,Eve
10000053,21,collapsed-ccprocessed,nn,8,te,6,La
10000053,21,collapsed-ccprocessed,nn,8,te,7,B
10000053,21,collapsed-ccprocessed,dobj,5,finds,8,te
10000053,21,collapsed-ccprocessed,advmod,10,suffering,9,already
10000053,21,collapsed-ccprocessed,partmod,8,te,10,suffering
10000053,21,collapsed-ccprocessed,nn,13,poisoning,12,blood
10000053,21,collapsed-ccprocessed,prep_from,10,suffering,13,poisoning
10000053,22,basic,partmod,8,urges,1,Having
10000053,22,basic,det,3,time,2,no
10000053,22,basic,nsubj,5,lose,3,time
10000053,22,basic,aux,5,lose,4,to
10000053,22,basic,ccomp,1,Having,5,lose
10000053,22,basic,nsubj,8,urges,7,he
10000053,22,basic,det,11,girl,9,the
10000053,22,basic,amod,11,girl,10,terrified
10000053,22,basic,dobj,8,urges,11,girl
10000053,22,basic,aux,14,chop,12,to
10000053,22,basic,advmod,14,chop,13,immediately
10000053,22,basic,xcomp,8,urges,14,chop
10000053,22,basic,prt,14,chop,15,off
10000053,22,basic,poss,18,leg,16,his
10000053,22,basic,amod,18,leg,17,poisoned
10000053,22,basic,dobj,14,chop,18,leg
10000053,22,basic,partmod,18,leg,19,using
10000053,22,basic,det,21,axe,20,an
10000053,22,basic,dobj,19,using,21,axe
10000053,22,collapsed,partmod,8,urges,1,Having
10000053,22,collapsed,det,3,time,2,no
10000053,22,collapsed,nsubj,5,lose,3,time
10000053,22,collapsed,aux,5,lose,4,to
10000053,22,collapsed,ccomp,1,Having,5,lose
10000053,22,collapsed,nsubj,8,urges,7,he
10000053,22,collapsed,det,11,girl,9,the
10000053,22,collapsed,amod,11,girl,10,terrified
10000053,22,collapsed,dobj,8,urges,11,girl
10000053,22,collapsed,aux,14,chop,12,to
10000053,22,collapsed,advmod,14,chop,13,immediately
10000053,22,collapsed,xcomp,8,urges,14,chop
10000053,22,collapsed,prt,14,chop,15,off
10000053,22,collapsed,poss,18,leg,16,his
10000053,22,collapsed,amod,18,leg,17,poisoned
10000053,22,collapsed,dobj,14,chop,18,leg
10000053,22,collapsed,partmod,18,leg,19,using
10000053,22,collapsed,det,21,axe,20,an
10000053,22,collapsed,dobj,19,using,21,axe
10000053,22,collapsed-ccprocessed,partmod,8,urges,1,Having
10000053,22,collapsed-ccprocessed,det,3,time,2,no
10000053,22,collapsed-ccprocessed,nsubj,5,lose,3,time
10000053,22,collapsed-ccprocessed,aux,5,lose,4,to
10000053,22,collapsed-ccprocessed,ccomp,1,Having,5,lose
10000053,22,collapsed-ccprocessed,nsubj,8,urges,7,he
10000053,22,collapsed-ccprocessed,det,11,girl,9,the
10000053,22,collapsed-ccprocessed,amod,11,girl,10,terrified
10000053,22,collapsed-ccprocessed,dobj,8,urges,11,girl
10000053,22,collapsed-ccprocessed,aux,14,chop,12,to
10000053,22,collapsed-ccprocessed,advmod,14,chop,13,immediately
10000053,22,collapsed-ccprocessed,xcomp,8,urges,14,chop
10000053,22,collapsed-ccprocessed,prt,14,chop,15,off
10000053,22,collapsed-ccprocessed,poss,18,leg,16,his
10000053,22,collapsed-ccprocessed,amod,18,leg,17,poisoned
10000053,22,collapsed-ccprocessed,dobj,14,chop,18,leg
10000053,22,collapsed-ccprocessed,partmod,18,leg,19,using
10000053,22,collapsed-ccprocessed,det,21,axe,20,an
10000053,22,collapsed-ccprocessed,dobj,19,using,21,axe
10000053,23,basic,mark,6,stunned,1,After
10000053,23,basic,nn,4,te,2,La
10000053,23,basic,nn,4,te,3,B
10000053,23,basic,nsubj,6,stunned,4,te
10000053,23,basic,aux,6,stunned,5,has
10000053,23,basic,advcl,17,acts,6,stunned
10000053,23,basic,dobj,6,stunned,7,himself
10000053,23,basic,prep,6,stunned,8,by
10000053,23,basic,pcomp,8,by,9,gulping
10000053,23,basic,det,12,drop,10,the
10000053,23,basic,amod,12,drop,11,last
10000053,23,basic,dobj,9,gulping,12,drop
10000053,23,basic,prep,12,drop,13,of
10000053,23,basic,pobj,13,of,14,rum
10000053,23,basic,nsubj,17,acts,16,Eve
10000053,23,basic,mark,24,passes,18,as
10000053,23,basic,csubj,24,passes,19,commanded
10000053,23,basic,cc,19,commanded,20,and
10000053,23,basic,poss,22,patient,21,her
10000053,23,basic,conj,19,commanded,22,patient
10000053,23,basic,advmod,22,patient,23,instantly
10000053,23,basic,advcl,17,acts,24,passes
10000053,23,basic,prt,24,passes,25,out
10000053,23,basic,prep,24,passes,26,from
10000053,23,basic,pobj,26,from,27,pain
10000053,23,collapsed,mark,6,stunned,1,After
10000053,23,collapsed,nn,4,te,2,La
10000053,23,collapsed,nn,4,te,3,B
10000053,23,collapsed,nsubj,6,stunned,4,te
10000053,23,collapsed,aux,6,stunned,5,has
10000053,23,collapsed,advcl,17,acts,6,stunned
10000053,23,collapsed,dobj,6,stunned,7,himself
10000053,23,collapsed,prepc_by,6,stunned,9,gulping
10000053,23,collapsed,det,12,drop,10,the
10000053,23,collapsed,amod,12,drop,11,last
10000053,23,collapsed,dobj,9,gulping,12,drop
10000053,23,collapsed,prep_of,12,drop,14,rum
10000053,23,collapsed,nsubj,17,acts,16,Eve
10000053,23,collapsed,mark,24,passes,18,as
10000053,23,collapsed,csubj,24,passes,19,commanded
10000053,23,collapsed,poss,22,patient,21,her
10000053,23,collapsed,conj_and,19,commanded,22,patient
10000053,23,collapsed,advmod,22,patient,23,instantly
10000053,23,collapsed,advcl,17,acts,24,passes
10000053,23,collapsed,prt,24,passes,25,out
10000053,23,collapsed,prep_from,24,passes,27,pain
10000053,23,collapsed-ccprocessed,mark,6,stunned,1,After
10000053,23,collapsed-ccprocessed,nn,4,te,2,La
10000053,23,collapsed-ccprocessed,nn,4,te,3,B
10000053,23,collapsed-ccprocessed,nsubj,6,stunned,4,te
10000053,23,collapsed-ccprocessed,aux,6,stunned,5,has
10000053,23,collapsed-ccprocessed,advcl,17,acts,6,stunned
10000053,23,collapsed-ccprocessed,dobj,6,stunned,7,himself
10000053,23,collapsed-ccprocessed,prepc_by,6,stunned,9,gulping
10000053,23,collapsed-ccprocessed,det,12,drop,10,the
10000053,23,collapsed-ccprocessed,amod,12,drop,11,last
10000053,23,collapsed-ccprocessed,dobj,9,gulping,12,drop
10000053,23,collapsed-ccprocessed,prep_of,12,drop,14,rum
10000053,23,collapsed-ccprocessed,nsubj,17,acts,16,Eve
10000053,23,collapsed-ccprocessed,mark,24,passes,18,as
10000053,23,collapsed-ccprocessed,csubj,24,passes,19,commanded
10000053,23,collapsed-ccprocessed,poss,22,patient,21,her
10000053,23,collapsed-ccprocessed,conj_and,19,commanded,22,patient
10000053,23,collapsed-ccprocessed,csubj,24,passes,22,patient
10000053,23,collapsed-ccprocessed,advmod,22,patient,23,instantly
10000053,23,collapsed-ccprocessed,advcl,17,acts,24,passes
10000053,23,collapsed-ccprocessed,prt,24,passes,25,out
10000053,23,collapsed-ccprocessed,prep_from,24,passes,27,pain
10000053,24,basic,nsubj,2,succeeds,1,Eve
10000053,24,basic,prep,2,succeeds,3,in
10000053,24,basic,pcomp,3,in,4,saving
10000053,24,basic,det,6,trapper,5,the
10000053,24,basic,poss,8,life,6,trapper
10000053,24,basic,possessive,6,trapper,7,'s
10000053,24,basic,dobj,4,saving,8,life
10000053,24,basic,prep,4,saving,9,in
10000053,24,basic,det,12,period,10,the
10000053,24,basic,amod,12,period,11,following
10000053,24,basic,pobj,9,in,12,period
10000053,24,basic,prep,12,period,13,of
10000053,24,basic,pobj,13,of,14,nursing
10000053,24,collapsed,nsubj,2,succeeds,1,Eve
10000053,24,collapsed,prepc_in,2,succeeds,4,saving
10000053,24,collapsed,det,6,trapper,5,the
10000053,24,collapsed,poss,8,life,6,trapper
10000053,24,collapsed,dobj,4,saving,8,life
10000053,24,collapsed,det,12,period,10,the
10000053,24,collapsed,amod,12,period,11,following
10000053,24,collapsed,prep_in,4,saving,12,period
10000053,24,collapsed,prep_of,12,period,14,nursing
10000053,24,collapsed-ccprocessed,nsubj,2,succeeds,1,Eve
10000053,24,collapsed-ccprocessed,prepc_in,2,succeeds,4,saving
10000053,24,collapsed-ccprocessed,det,6,trapper,5,the
10000053,24,collapsed-ccprocessed,poss,8,life,6,trapper
10000053,24,collapsed-ccprocessed,dobj,4,saving,8,life
10000053,24,collapsed-ccprocessed,det,12,period,10,the
10000053,24,collapsed-ccprocessed,amod,12,period,11,following
10000053,24,collapsed-ccprocessed,prep_in,4,saving,12,period
10000053,24,collapsed-ccprocessed,prep_of,12,period,14,nursing
10000053,25,basic,prep,6,learned,1,In
10000053,25,basic,det,3,time,2,that
10000053,25,basic,pobj,1,In,3,time
10000053,25,basic,nsubj,6,learned,4,she
10000053,25,basic,aux,6,learned,5,has
10000053,25,basic,prep,6,learned,7,to
10000053,25,basic,pobj,7,to,8,hunt
10000053,25,basic,prep,6,learned,9,on
10000053,25,basic,poss,11,own,10,her
10000053,25,basic,pobj,9,on,11,own
10000053,25,basic,cc,6,learned,12,and
10000053,25,basic,cop,15,capable,13,is
10000053,25,basic,advmod,15,capable,14,now
10000053,25,basic,conj,6,learned,15,capable
10000053,25,basic,aux,17,provide,16,to
10000053,25,basic,xcomp,15,capable,17,provide
10000053,25,basic,prep,17,provide,18,for
10000053,25,basic,det,20,couple,19,the
10000053,25,basic,pobj,18,for,20,couple
10000053,25,collapsed,det,3,time,2,that
10000053,25,collapsed,prep_in,6,learned,3,time
10000053,25,collapsed,nsubj,6,learned,4,she
10000053,25,collapsed,aux,6,learned,5,has
10000053,25,collapsed,prep_to,6,learned,8,hunt
10000053,25,collapsed,poss,11,own,10,her
10000053,25,collapsed,prep_on,6,learned,11,own
10000053,25,collapsed,cop,15,capable,13,is
10000053,25,collapsed,advmod,15,capable,14,now
10000053,25,collapsed,conj_and,6,learned,15,capable
10000053,25,collapsed,aux,17,provide,16,to
10000053,25,collapsed,xcomp,15,capable,17,provide
10000053,25,collapsed,det,20,couple,19,the
10000053,25,collapsed,prep_for,17,provide,20,couple
10000053,25,collapsed-ccprocessed,det,3,time,2,that
10000053,25,collapsed-ccprocessed,prep_in,6,learned,3,time
10000053,25,collapsed-ccprocessed,nsubj,6,learned,4,she
10000053,25,collapsed-ccprocessed,nsubj,15,capable,4,she
10000053,25,collapsed-ccprocessed,aux,6,learned,5,has
10000053,25,collapsed-ccprocessed,prep_to,6,learned,8,hunt
10000053,25,collapsed-ccprocessed,poss,11,own,10,her
10000053,25,collapsed-ccprocessed,prep_on,6,learned,11,own
10000053,25,collapsed-ccprocessed,cop,15,capable,13,is
10000053,25,collapsed-ccprocessed,advmod,15,capable,14,now
10000053,25,collapsed-ccprocessed,conj_and,6,learned,15,capable
10000053,25,collapsed-ccprocessed,aux,17,provide,16,to
10000053,25,collapsed-ccprocessed,xcomp,15,capable,17,provide
10000053,25,collapsed-ccprocessed,det,20,couple,19,the
10000053,25,collapsed-ccprocessed,prep_for,17,provide,20,couple
10000053,26,basic,advmod,15,gruesome,1,Eventually
10000053,26,basic,nsubj,3,seem,2,they
10000053,26,basic,parataxis,15,gruesome,3,seem
10000053,26,basic,aux,5,come,4,to
10000053,26,basic,xcomp,3,seem,5,come
10000053,26,basic,advmod,5,come,6,closer
10000053,26,basic,det,10,trapper,8,the
10000053,26,basic,amod,10,trapper,9,hobbled
10000053,26,basic,nsubj,15,gruesome,10,trapper
10000053,26,basic,advmod,12,longer,11,no
10000053,26,basic,advmod,15,gruesome,12,longer
10000053,26,basic,cop,15,gruesome,13,appears
10000053,26,basic,dep,15,gruesome,14,that
10000053,26,basic,prep,15,gruesome,16,to
10000053,26,basic,pobj,16,to,17,Eve
10000053,26,collapsed,advmod,15,gruesome,1,Eventually
10000053,26,collapsed,nsubj,3,seem,2,they
10000053,26,collapsed,parataxis,15,gruesome,3,seem
10000053,26,collapsed,aux,5,come,4,to
10000053,26,collapsed,xcomp,3,seem,5,come
10000053,26,collapsed,advmod,5,come,6,closer
10000053,26,collapsed,det,10,trapper,8,the
10000053,26,collapsed,amod,10,trapper,9,hobbled
10000053,26,collapsed,nsubj,15,gruesome,10,trapper
10000053,26,collapsed,advmod,12,longer,11,no
10000053,26,collapsed,advmod,15,gruesome,12,longer
10000053,26,collapsed,cop,15,gruesome,13,appears
10000053,26,collapsed,dep,15,gruesome,14,that
10000053,26,collapsed,prep_to,15,gruesome,17,Eve
10000053,26,collapsed-ccprocessed,advmod,15,gruesome,1,Eventually
10000053,26,collapsed-ccprocessed,nsubj,3,seem,2,they
10000053,26,collapsed-ccprocessed,parataxis,15,gruesome,3,seem
10000053,26,collapsed-ccprocessed,aux,5,come,4,to
10000053,26,collapsed-ccprocessed,xcomp,3,seem,5,come
10000053,26,collapsed-ccprocessed,advmod,5,come,6,closer
10000053,26,collapsed-ccprocessed,det,10,trapper,8,the
10000053,26,collapsed-ccprocessed,amod,10,trapper,9,hobbled
10000053,26,collapsed-ccprocessed,nsubj,15,gruesome,10,trapper
10000053,26,collapsed-ccprocessed,advmod,12,longer,11,no
10000053,26,collapsed-ccprocessed,advmod,15,gruesome,12,longer
10000053,26,collapsed-ccprocessed,cop,15,gruesome,13,appears
10000053,26,collapsed-ccprocessed,dep,15,gruesome,14,that
10000053,26,collapsed-ccprocessed,prep_to,15,gruesome,17,Eve
10000053,27,basic,cc,7,keeping,1,But
10000053,27,basic,poss,4,trauma,2,her
10000053,27,basic,nn,4,trauma,3,childhood
10000053,27,basic,nsubj,7,keeping,4,trauma
10000053,27,basic,aux,7,keeping,5,is
10000053,27,basic,advmod,7,keeping,6,still
10000053,27,basic,dobj,7,keeping,8,her
10000053,27,basic,prep,7,keeping,9,from
10000053,27,basic,pcomp,9,from,10,starting
10000053,27,basic,det,13,relationship,11,a
10000053,27,basic,advmod,13,relationship,12,closer
10000053,27,basic,dobj,10,starting,13,relationship
10000053,27,basic,cc,7,keeping,14,and
10000053,27,basic,advmod,18,flees,15,consequently
10000053,27,basic,nsubj,18,flees,17,she
10000053,27,basic,conj,7,keeping,18,flees
10000053,27,basic,prep,18,flees,19,with
10000053,27,basic,det,21,canoe,20,a
10000053,27,basic,pobj,19,with,21,canoe
10000053,27,basic,advmod,21,canoe,22,back
10000053,27,basic,prep,22,back,23,to
10000053,27,basic,det,25,settlement,24,the
10000053,27,basic,pobj,23,to,25,settlement
10000053,27,collapsed,poss,4,trauma,2,her
10000053,27,collapsed,nn,4,trauma,3,childhood
10000053,27,collapsed,nsubj,7,keeping,4,trauma
10000053,27,collapsed,aux,7,keeping,5,is
10000053,27,collapsed,advmod,7,keeping,6,still
10000053,27,collapsed,dobj,7,keeping,8,her
10000053,27,collapsed,prepc_from,7,keeping,10,starting
10000053,27,collapsed,det,13,relationship,11,a
10000053,27,collapsed,advmod,13,relationship,12,closer
10000053,27,collapsed,dobj,10,starting,13,relationship
10000053,27,collapsed,advmod,18,flees,15,consequently
10000053,27,collapsed,nsubj,18,flees,17,she
10000053,27,collapsed,conj_and,7,keeping,18,flees
10000053,27,collapsed,det,21,canoe,20,a
10000053,27,collapsed,prep_with,18,flees,21,canoe
10000053,27,collapsed,advmod,21,canoe,22,back
10000053,27,collapsed,det,25,settlement,24,the
10000053,27,collapsed,prep_to,22,back,25,settlement
10000053,27,collapsed-ccprocessed,poss,4,trauma,2,her
10000053,27,collapsed-ccprocessed,nn,4,trauma,3,childhood
10000053,27,collapsed-ccprocessed,nsubj,7,keeping,4,trauma
10000053,27,collapsed-ccprocessed,aux,7,keeping,5,is
10000053,27,collapsed-ccprocessed,advmod,7,keeping,6,still
10000053,27,collapsed-ccprocessed,dobj,7,keeping,8,her
10000053,27,collapsed-ccprocessed,prepc_from,7,keeping,10,starting
10000053,27,collapsed-ccprocessed,det,13,relationship,11,a
10000053,27,collapsed-ccprocessed,advmod,13,relationship,12,closer
10000053,27,collapsed-ccprocessed,dobj,10,starting,13,relationship
10000053,27,collapsed-ccprocessed,advmod,18,flees,15,consequently
10000053,27,collapsed-ccprocessed,nsubj,18,flees,17,she
10000053,27,collapsed-ccprocessed,conj_and,7,keeping,18,flees
10000053,27,collapsed-ccprocessed,det,21,canoe,20,a
10000053,27,collapsed-ccprocessed,prep_with,18,flees,21,canoe
10000053,27,collapsed-ccprocessed,advmod,21,canoe,22,back
10000053,27,collapsed-ccprocessed,det,25,settlement,24,the
10000053,27,collapsed-ccprocessed,prep_to,22,back,25,settlement
10000053,28,basic,advmod,10,outsider,1,Here
10000053,28,basic,mark,5,welcome,3,although
10000053,28,basic,cop,5,welcome,4,being
10000053,28,basic,advcl,10,outsider,5,welcome
10000053,28,basic,nsubj,10,outsider,7,she
10000053,28,basic,cop,10,outsider,8,remains
10000053,28,basic,det,10,outsider,9,an
10000053,28,collapsed,advmod,10,outsider,1,Here
10000053,28,collapsed,mark,5,welcome,3,although
10000053,28,collapsed,cop,5,welcome,4,being
10000053,28,collapsed,advcl,10,outsider,5,welcome
10000053,28,collapsed,nsubj,10,outsider,7,she
10000053,28,collapsed,cop,10,outsider,8,remains
10000053,28,collapsed,det,10,outsider,9,an
10000053,28,collapsed-ccprocessed,advmod,10,outsider,1,Here
10000053,28,collapsed-ccprocessed,mark,5,welcome,3,although
10000053,28,collapsed-ccprocessed,cop,5,welcome,4,being
10000053,28,collapsed-ccprocessed,advcl,10,outsider,5,welcome
10000053,28,collapsed-ccprocessed,nsubj,10,outsider,7,she
10000053,28,collapsed-ccprocessed,cop,10,outsider,8,remains
10000053,28,collapsed-ccprocessed,det,10,outsider,9,an
10000053,29,basic,advmod,4,marriage,1,Even
10000053,29,basic,det,4,marriage,2,the
10000053,29,basic,amod,4,marriage,3,impending
10000053,29,basic,nsubj,12,overcome,4,marriage
10000053,29,basic,prep,4,marriage,5,to
10000053,29,basic,det,9,man,6,a
10000053,29,basic,amod,9,man,7,sympathetic
10000053,29,basic,amod,9,man,8,young
10000053,29,basic,pobj,5,to,9,man
10000053,29,basic,aux,12,overcome,10,can
10000053,29,basic,neg,12,overcome,11,not
10000053,29,basic,poss,15,barriers,13,her
10000053,29,basic,amod,15,barriers,14,inner
10000053,29,basic,dobj,12,overcome,15,barriers
10000053,29,collapsed,advmod,4,marriage,1,Even
10000053,29,collapsed,det,4,marriage,2,the
10000053,29,collapsed,amod,4,marriage,3,impending
10000053,29,collapsed,nsubj,12,overcome,4,marriage
10000053,29,collapsed,det,9,man,6,a
10000053,29,collapsed,amod,9,man,7,sympathetic
10000053,29,collapsed,amod,9,man,8,young
10000053,29,collapsed,prep_to,4,marriage,9,man
10000053,29,collapsed,aux,12,overcome,10,can
10000053,29,collapsed,neg,12,overcome,11,not
10000053,29,collapsed,poss,15,barriers,13,her
10000053,29,collapsed,amod,15,barriers,14,inner
10000053,29,collapsed,dobj,12,overcome,15,barriers
10000053,29,collapsed-ccprocessed,advmod,4,marriage,1,Even
10000053,29,collapsed-ccprocessed,det,4,marriage,2,the
10000053,29,collapsed-ccprocessed,amod,4,marriage,3,impending
10000053,29,collapsed-ccprocessed,nsubj,12,overcome,4,marriage
10000053,29,collapsed-ccprocessed,det,9,man,6,a
10000053,29,collapsed-ccprocessed,amod,9,man,7,sympathetic
10000053,29,collapsed-ccprocessed,amod,9,man,8,young
10000053,29,collapsed-ccprocessed,prep_to,4,marriage,9,man
10000053,29,collapsed-ccprocessed,aux,12,overcome,10,can
10000053,29,collapsed-ccprocessed,neg,12,overcome,11,not
10000053,29,collapsed-ccprocessed,poss,15,barriers,13,her
10000053,29,collapsed-ccprocessed,amod,15,barriers,14,inner
10000053,29,collapsed-ccprocessed,dobj,12,overcome,15,barriers
10000053,30,basic,prep,8,runs,1,On
10000053,30,basic,det,3,day,2,the
10000053,30,basic,pobj,1,On,3,day
10000053,30,basic,prep,3,day,4,of
10000053,30,basic,pobj,4,of,5,marriage
10000053,30,basic,nsubj,8,runs,7,she
10000053,30,basic,advmod,10,again,9,away
10000053,30,basic,advmod,8,runs,10,again
10000053,30,basic,mark,15,return,11,in
10000053,30,basic,dep,15,return,12,order
10000053,30,basic,aux,15,return,13,to
10000053,30,basic,advmod,15,return,14,finally
10000053,30,basic,purpcl,8,runs,15,return
10000053,30,basic,prep,15,return,16,to
10000053,30,basic,nn,20,te,17,Jean
10000053,30,basic,nn,20,te,18,La
10000053,30,basic,nn,20,te,19,B
10000053,30,basic,pobj,16,to,20,te
10000053,30,collapsed,det,3,day,2,the
10000053,30,collapsed,prep_on,8,runs,3,day
10000053,30,collapsed,prep_of,3,day,5,marriage
10000053,30,collapsed,nsubj,8,runs,7,she
10000053,30,collapsed,advmod,10,again,9,away
10000053,30,collapsed,advmod,8,runs,10,again
10000053,30,collapsed,mark,15,return,11,in
10000053,30,collapsed,dep,15,return,12,order
10000053,30,collapsed,aux,15,return,13,to
10000053,30,collapsed,advmod,15,return,14,finally
10000053,30,collapsed,purpcl,8,runs,15,return
10000053,30,collapsed,nn,20,te,17,Jean
10000053,30,collapsed,nn,20,te,18,La
10000053,30,collapsed,nn,20,te,19,B
10000053,30,collapsed,prep_to,15,return,20,te
10000053,30,collapsed-ccprocessed,det,3,day,2,the
10000053,30,collapsed-ccprocessed,prep_on,8,runs,3,day
10000053,30,collapsed-ccprocessed,prep_of,3,day,5,marriage
10000053,30,collapsed-ccprocessed,nsubj,8,runs,7,she
10000053,30,collapsed-ccprocessed,advmod,10,again,9,away
10000053,30,collapsed-ccprocessed,advmod,8,runs,10,again
10000053,30,collapsed-ccprocessed,mark,15,return,11,in
10000053,30,collapsed-ccprocessed,dep,15,return,12,order
10000053,30,collapsed-ccprocessed,aux,15,return,13,to
10000053,30,collapsed-ccprocessed,advmod,15,return,14,finally
10000053,30,collapsed-ccprocessed,purpcl,8,runs,15,return
10000053,30,collapsed-ccprocessed,nn,20,te,17,Jean
10000053,30,collapsed-ccprocessed,nn,20,te,18,La
10000053,30,collapsed-ccprocessed,nn,20,te,19,B
10000053,30,collapsed-ccprocessed,prep_to,15,return,20,te
